Tipo,Aeronave,Custo,Data,Descricao
Preventiva,King Air,13812.64,2024-06-25,Serviço de manutenção preventiva
Corretiva,Sêneca,18971.57,2024-07-20,Serviço de manutenção corretiva
Corretiva,King Air,7625.44,2024-03-21,Serviço de manutenção corretiva
Preventiva,Cessna Caravan,13343.98,2024-12-21,Serviço de manutenção preventiva
Preventiva,King Air,7130.48,2024-12-02,Serviço de manutenção preventiva
Preventiva,Sêneca,4818.32,2024-04-13,Serviço de manutenção preventiva
Corretiva,Cessna Caravan,9180.57,2024-12-03,Serviço de manutenção corretiva
Corretiva,Sêneca,19774.72,2024-01-02,Serviço de manutenção corretiva
Preventiva,Cirrus,8667.17,2024-11-12,Serviço de manutenção preventiva
Corretiva,Cessna Caravan,18990.93,2024-06-15,Serviço de manutenção corretiva
Corretiva,EMB-110,2613.97,2024-03-06,Serviço de manutenção corretiva
Corretiva,King Air,16151.0,2024-01-03,Serviço de manutenção corretiva
Corretiva,Sêneca,9188.54,2024-04-28,Serviço de manutenção corretiva
Corretiva,Cirrus,11574.35,2024-03-07,Serviço de manutenção corretiva
Preventiva,Cessna Caravan,14707.36,2024-03-27,Serviço de manutenção preventiva
Corretiva,Sêneca,19631.63,2024-01-15,Serviço de manutenção corretiva
Preventiva,King Air,11299.33,2024-07-25,Serviço de manutenção preventiva
Preventiva,Sêneca,6762.14,2024-11-09,Serviço de manutenção preventiva
Corretiva,King Air,2109.58,2024-08-11,Serviço de manutenção corretiva
Preventiva,Sêneca,9101.11,2024-04-07,Serviço de manutenção preventiva
Corretiva,EMB-110,9239.26,2024-01-03,Serviço de manutenção corretiva
Preventiva,EMB-110,18906.72,2024-03-12,Serviço de manutenção preventiva
Preventiva,King Air,12273.53,2024-05-27,Serviço de manutenção preventiva
Preventiva,King Air,8067.21,2024-06-24,Serviço de manutenção preventiva
Corretiva,King Air,5181.43,2024-08-17,Serviço de manutenção corretiva
Preventiva,EMB-110,5443.89,2024-01-16,Serviço de manutenção preventiva
Preventiva,King Air,11504.9,2024-09-13,Serviço de manutenção preventiva
Preventiva,Sêneca,3372.1,2024-06-21,Serviço de manutenção preventiva
Preventiva,King Air,16900.44,2024-01-20,Serviço de manutenção preventiva
Corretiva,King Air,9457.58,2024-10-22,Serviço de manutenção corretiva
Preventiva,Sêneca,10045.19,2024-06-09,Serviço de manutenção preventiva
Corretiva,Cessna Caravan,16642.52,2024-08-21,Serviço de manutenção corretiva
Preventiva,Sêneca,5905.5,2024-05-19,Serviço de manutenção preventiva
Preventiva,King Air,14029.81,2024-10-11,Serviço de manutenção preventiva
Corretiva,King Air,6883.66,2024-11-04,Serviço de manutenção corretiva
Preventiva,Cirrus,5505.21,2024-04-06,Serviço de manutenção preventiva
Corretiva,Sêneca,13069.57,2024-01-15,Serviço de manutenção corretiva
Preventiva,EMB-110,4513.61,2024-08-10,Serviço de manutenção preventiva
Preventiva,King Air,14675.25,2024-05-12,Serviço de manutenção preventiva
Preventiva,Cessna Caravan,7958.57,2024-08-22,Serviço de manutenção preventiva
Corretiva,Cessna Caravan,4343.27,2024-01-06,Serviço de manutenção corretiva
Corretiva,King Air,5583.29,2024-02-25,Serviço de manutenção corretiva
Corretiva,Cirrus,18769.0,2024-08-04,Serviço de manutenção corretiva
Preventiva,Cessna Caravan,11057.64,2024-02-25,Serviço de manutenção preventiva
Preventiva,Cessna Caravan,5715.31,2024-12-03,Serviço de manutenção preventiva
Corretiva,EMB-110,14536.08,2024-06-09,Serviço de manutenção corretiva
Corretiva,Sêneca,3038.31,2024-03-11,Serviço de manutenção corretiva
Preventiva,Sêneca,11429.9,2024-07-20,Serviço de manutenção preventiva
Corretiva,King Air,13564.0,2024-10-09,Serviço de manutenção corretiva
Corretiva,Sêneca,15021.95,2024-04-22,Serviço de manutenção corretiva
